from,to
DEC368,B88A8B
D2092D,64A61B
78A51A,6E9A87
73BAE2,1E3801
582251,AD00AF
40E068,BCF196
5AE8FA,E97CEF
45B7B9,0BD22E
011C89,7CDFA1
E3CE85,73BAE2
F66120,DC9DAC
4C31B6,347041
CF572A,C886F4
FE04AB,0501BD
582251,B4D00C
300B58,7DCF56
C84C89,59A315
FE04AB,B0EB1C
746E5C,59D91C
BF1369,0CCE50
9CDFFF,CF572A
8C6C72,81BBDA
127A1A,4335E4
920A54,639FB4
746E5C,84D5CC
B858CF,0712D2
2A33A7,2655FA
7CDFA1,65551A
E60811,25A8BA
71BECA,9CD828
3BBC3F,1BC7FB
3B5F26,A94178
3BBC3F,F33CE6
DAAFA3,8C6C72
E49EAF,7A7E31
DA4788,7F20E4
211577,7210B9
300B58,F081E4
FE04AB,25A8BA
DA4788,526CD0
C84C89,761A61
5AE8FA,6A5276
9CD828,0C2767
979C02,D72224
0DF7B6,269B12
CFE627,406BA1
0D10F1,D8A675
8DB030,CF572A
1FC937,A0F191
4CABD7,920A54
70E548,0712D2
746E5C,0BCC52
1E3801,59D91C
F5660C,D9E692
4CABD7,2655FA
FDD16D,A3362E
45B7B9,76BE07
86C8AB,12D448
E3CE85,E79AE8
920A54,841486
4E53E3,923C73
70E548,63C191
3BBC3F,C764CA
E3CE85,38C931
300B58,C0FFF0
3B5F26,8A390E
0DF7B6,73BAE2
DA4788,DAAFA3
A2D673,E5A956
8C6C72,739659
920A54,AF742F
644CFC,16E7CD
7F2D82,862D2D
3836FA,73BAE2
8A6FEC,8AD7EF
C9C42A,D2092D
2655FA,B8390F
1FC937,C11871
86C8AB,4D1100
78A51A,73BAE2
78A51A,007EE1
45B7B9,AE9F30
6D7E66,139421
DEC368,A60EFC
6DC800,6A8B56
CFE627,2909EE
90702B,E97CEF
300B58,E5A956
705811,FB0C87
7F2D82,1BD1B5
38BDBC,C0FFF0
508520,148EAA
6D7E66,B0EB1C
4D837B,E5A956
D12BBC,449BC9
582251,E3826D
C9C469,59A315
DA4788,EA87F4
4E53E3,8C6C72
73BAE2,C7E1EB
BE44ED,DAAFA3
78A51A,F5660C
D58C2E,4DE87A
CF572A,2FA9EB
16E7CD,62E94E
BF1369,E60811
9DED68,E5A956
16E7CD,1487F0
8DB030,DC9DAC
B858CF,24159C
A2D673,9AC562
8F41AD,4CABD7
9AC562,DEA21E
4D1100,B8390F
A2D673,1FB1FA
CF572A,D7C75D
9CD828,03C173
71BECA,921DFF
644CFC,D2EB79
A2D673,70804F
3836FA,639FB4
649D27,B8390F
9CD828,935F2B
F5660C,6261FC
4FCCAD,6261FC
C887F9,1EA6A9
EB99E8,B8390F
582251,2BD2F9
0A5E3D,7F2D82
5DF9E1,51CEAE
127A1A,38BDBC
8F41AD,78ED78
38D4AC,73BAE2
D6F62C,16E7CD
45B7B9,91435D
D6F62C,787CA2
F5660C,16E7CD
8C6C72,78DE4F
78ED78,C9C42A
8C6C72,1E3801
A0F191,E60811
FE04AB,0A9D45
7F2D82,389330
C54209,BEFAD4
16E7CD,639FB4
4C8115,E73844
D2092D,953F22
300B58,4D1100
6A9872,1FB1FA
4E53E3,833507
8C6C72,C9C42A
16E7CD,DC9DAC
985842,0756B6
25A8BA,B8390F
979C02,D15825
A62C7D,DE4221
EAF257,862D2D
90702B,347041
4CABD7,8DB030
B858CF,3BBC3F
E6209B,6D7E66
582251,B47223
B55D61,C9C42A
23BBF8,7F2D82
746E5C,68615D
1E3801,79E0AC
DEC368,8A2800
16E7CD,1D4610
920A54,B858CF
F19EE0,67D977
DA4788,787CA2
16E7CD,D7B016
979C02,B55D61
26823C,3BEECE
71BECA,3F02B9
07E7F1,7CDFA1
A2D673,B858CF
7CDFA1,A0F191
7020BD,862D2D
3836FA,C9C42A
2C8F44,F58538
A2D673,7AA963
45B7B9,55FAAE
78A51A,CF572A
86DEAF,F58538
5AE8FA,EB30C4
C94E4A,7F20E4
AF742F,D8A675
830E97,DA3CEA
746E5C,9867E5
DAC29B,9468A1
D2092D,1C34BE
11DC2C,8C6C72
49E38C,96542A
6D7E66,099712
2909EE,A2D673
73BAE2,4E53E3
FAC175,D5B0EC
A3362E,FE3CF9
CF572A,C1E387
DAAFA3,1C61D0
73BAE2,62E94E
300B58,D8A675
830E97,2D60CD
582251,739659
644CFC,12E505
28D4C6,62E94E
920A54,2C8F44
BF01A5,28D4C6
28D4C6,C9C469
830E97,E60811
F5660C,E97CEF
4CABD7,2909EE
F19EE0,3836FA
3836FA,4A4624
9DED68,07FABF
16E7CD,68615D
96542A,B47223
D58C2E,DEA21E
0DF7B6,EB30C4
45B7B9,979C02
70E548,DE4C30
A2D673,3BBC3F
FE04AB,66BAED
28D4C6,A502A8
DA4788,47513A
45B7B9,AA5440
509333,2A7FBF
522742,44DAAF
6D7E66,0712D2
A6F33F,D5020B
127A1A,920A54
D2092D,CDED00
FBB564,12D448
16E7CD,1AE5E3
E49EAF,9CDFFF
16E7CD,1E3801
4FCCAD,78852B
78ED78,1E3801
649D27,D8A675
1FC937,D5B0EC
0DF7B6,DAAFA3
509333,832273
DA4788,B80FAA
D5B0EC,62E94E
CFE627,7CDFA1
211577,F04C1B
2C8F44,EE3561
9D1B99,011C89
0A5E3D,F5660C
C84C89,F04C1B
9D1B99,C74813
2E7A2B,375005
45B7B9,163AE2
CF572A,0D6E59
D2092D,0A5E3D
8F41AD,BDB828
79E0AC,32B771
8F41AD,2BD2F9
D8A675,E60811
D5B0EC,B0EB1C
A38DC8,8210BD
644CFC,AA1F3B
86C8AB,D7C75D
3836FA,E95ADB
CF572A,65551A
0D10F1,38BDBC
CF572A,B232B8
D58C2E,2A7FBF
B0EB1C,185BA0
979C02,438789
F58538,16E7CD
2E7A2B,CC26CC
28D4C6,7F2D82
522742,0D4254
E3CE85,1DC6CE
2909EE,73BAE2
16E7CD,644CFC
BE44ED,CBFEC2
A0F191,21C164
DAAFA3,16E7CD
4CABD7,1FC937
6D7E66,F58538
6B20B7,B4D00C
78ED78,011C89
C887F9,B0EB1C
03C173,7108D7
985842,8210BD
28D4C6,98C4D4
CC26CC,44DAAF
FE04AB,78ED78
D58C2E,7FD085
7CDFA1,53426B
78ED78,DC9DAC
F66120,6261FC
DAC29B,91438A
78A51A,2AED70
6D7E66,68615D
FAC175,D5020B
8221E6,81BBDA
E3CE85,CF572A
7F2D82,C9C42A
7CDFA1,2BD2F9
8AEBB1,3404E1
8F41AD,2C8F44
45B7B9,DF9903
029C32,639FB4
9CD828,0AE029
A38DC8,081054
3836FA,3F02B9
4D1100,6261FC
3B5F26,B58589
509333,A6D41A
0DF7B6,2909EE
F58538,1AE5E3
2909EE,300B58
A0F191,F3DB47
DEC368,65551A
979C02,B47223
8DB030,B0EB1C
2E7A2B,4C04DD
029C32,DAAFA3
7020BD,DA3CEA
40E068,E54F58
644CFC,E73844
E3CE85,5DFC3B
90702B,63A604
CF572A,9CDFFF
BE44ED,D05243
746E5C,D7B016
C887F9,2909EE
9AC562,0AE029
979C02,011C89
2E7A2B,0277A5
1FC937,D6F62C
6CEB19,BE44ED
49E38C,1FC937
58EFE4,309B18
07E7F1,C1E387
1F260B,A4F907
9AC562,28D4C6
830E97,91438A
D5B0EC,AD00AF
96542A,B0EB1C
76CE79,830E97
FAC175,03F1E3
86DEAF,1419FD
BE44ED,B88A8B
7F2D82,32B771
7CDFA1,AD00AF
461A1E,744D1D
9CDFFF,9CD828
830E97,E19C02
86DEAF,63C191
5E302B,2C70B4
C9C42A,4335E4
D6F62C,1FC937
C398B9,C7BAB1
45B7B9,C40D3F
649D27,920A54
8AEBB1,AEB16E
E3CE85,EE3561
D5B0EC,E8E3D2
FE04AB,6261FC
C9C42A,1FC937
3B5F26,3F02B9
2655FA,E49EAF
0A5E3D,415839
FE04AB,8F41AD
8221E6,F1FD80
9CD828,96542A
16E7CD,F58538
D12BBC,B0EB1C
D2092D,4DE87A
3BBC3F,FCF89D
4C8115,07FABF
F66120,B8390F
985842,2BD2F9
78A51A,D5020B
EAF257,EB41DB
78ED78,A2FE3D
746E5C,830E97
73BAE2,B858CF
705811,920A54
D12BBC,DAD695
8DB030,3A7FEE
71BECA,4CABD7
A0F191,7CFAAF
9CD828,C1B8EE
DA4788,1FB1FA
38BDBC,D954F4
78ED78,3A7FEE
B0EB1C,9519E5
A7F6E1,2A7FBF
B858CF,DAAFA3
9CD828,2655FA
03C173,CA4666
D2092D,87BD24
2909EE,A3362E
705811,9DED68
E60811,2BD2F9
AF742F,04FEF5
D6F62C,70804F
4FCCAD,62E94E
9CDFFF,D8A675
BE44ED,2C17CC
3836FA,9ADB07
5AE8FA,7D76DC
26823C,1F9E2D
D6F62C,D954F4
F66120,78852B
508520,809EF1
7CDFA1,16E7CD
1FC937,41A337
1644FB,0A5E3D
415839,5603DE
78ED78,4335E4
FE04AB,E54F58
71BECA,12D448
49E38C,6261FC
1F260B,016ECC
B0EB1C,65551A
4E53E3,21C164
CF572A,90D224
78ED78,0A5E3D
2E7A2B,7A0B8E
86C8AB,51E97D
4C31B6,097893
644CFC,3048B5
C94E4A,254759
B8390F,4D1100
D2092D,73BAE2
CF572A,862D2D
F44E2A,B0EB1C
49E38C,2BD2F9
5DF9E1,25A8BA
BF1369,E54F58
C15FE3,B0EB1C
9CD828,1677E3
6B20B7,AA5440
EAF257,269B12
78ED78,FBB564
B0EB1C,BE1E27
71BECA,8DB030
DAC29B,1D7208
0A5E3D,C9C42A
2BD2F9,78ED78
86DEAF,4C8115
508520,9697AF
78ED78,B8390F
03C173,16E7CD
23BBF8,8F476A
FE04AB,A2D673
8C6C72,8F73D5
582251,C9C42A
509333,515DBB
2655FA,DF6477
CFE627,A3362E
830E97,9CDFFF
86DEAF,C398B9
A38DC8,49905F
79E0AC,C9C42A
86C8AB,2A7FBF
3028DF,0AE029
E8F3BF,28D4C6
C887F9,8DEFE0
830E97,8210BD
3B5F26,70804F
86C8AB,25229F
DA4788,2C17CC
705811,8F41AD
4CABD7,2C8F44
985842,D3E88B
D6F62C,E47CB2
F19EE0,CD60C5
920A54,011C89
9AC562,C4AB3C
830E97,78ED78
5AE8FA,E47CB2
4D1100,1E3801
6B20B7,59D91C
4F8125,D2092D
38BDBC,526CD0
78A51A,0A5E3D
DF6477,2BD2F9
9DED68,C9F342
71BECA,7F2D82
DAC29B,3A7FEE
8DB030,63C191
03C173,4C8115
211577,643534
EAF257,853198
7CDFA1,4CABD7
D8A675,649D27
CF572A,1AE5E3
FE04AB,BC5888
4FCCAD,739659
C9C469,84D5CC
011C89,2D60FB
38BDBC,2C8F44
920A54,979C02
2C8F44,7CDFA1
705811,0712D2
746E5C,1487F0
011C89,62E94E
25A8BA,E5A956
86C8AB,2909B3
73BAE2,011C89
011C89,920A54
3B5F26,EA87F4
03C173,415839
8E1919,86DEAF
D6F62C,EB65DC
E60811,D00B3F
A3362E,73BAE2
D6F62C,8A2800
AF742F,EEF444
2C8F44,E60811
B0EB1C,347041
71BECA,8C6C72
8F41AD,3AFD3F
644CFC,C4AB3C
920A54,0AE029
FE04AB,787CA2
C887F9,DA3CEA
A62C7D,F7471D
649D27,3F02B9
C84C89,F19EE0
920A54,EB99E8
FAC175,26823C
1E3801,62E94E
8C6C72,011C89
40E068,C887F9
E60811,04FEF5
B858CF,D5B0EC
B0EB1C,4BB370
582251,438789
5AE8FA,9451CD
90702B,787CA2
011C89,73BAE2
8C6C72,0712D2
7F2D82,0A5E3D
7F2D82,3836FA
8C6C72,AA1F3B
127A1A,0712D2
211577,A345FD
D58C2E,8221E6
5AE8FA,C1B8EE
9CDFFF,D5B0EC
D2092D,389330
9CDFFF,FBB564
9CD828,DAAFA3
211577,920A54
71BECA,9278E1
AF742F,B8390F
B858CF,920A54
78A51A,E5A600
49E38C,920A54
522742,C4AB3C
6CEB19,F7471D
4F8125,78C210
CF572A,F19EE0
3F02B9,B858CF
C9C42A,78ED78
A38DC8,9CD87E
FE04AB,BF897D
F66120,C7E1EB
0712D2,2909EE
985842,787CA2
71BECA,E97CEF
E60D69,DAAFA3
E3CE85,4CAEA3
78A51A,2BD2F9
462333,FE3CF9
9D1B99,EE1ABB
979C02,920A54
03C173,78ED78
86DEAF,D8A675
E60811,1E3801
2655FA,920A54
9CD828,B0EB1C
F66120,5B5B0A
415839,03C173
7F2D82,AA5440
A765DA,25A8BA
1F260B,A755EA
830E97,347041
D5B0EC,B8390F
4C8115,FE3CF9
211577,D03F6B
78A51A,E60811
9D1B99,28D4C6
8C6C72,5BB534
40E068,DA3CEA
DAAFA3,86DEAF
462333,4C20C8
45B7B9,59D91C
78ED78,0756B6
70E548,45AA1E
3BBC3F,4B9FD1
4CABD7,CFE627
1E3801,F66120
C398B9,63C191
2909EE,920A54
7CDFA1,1FC937
6D7E66,F0FDDA
28D4C6,011C89
45B7B9,A94178
D2092D,2C70B4
8221E6,B232B8
03C173,9CD828
6DC800,B0EB1C
16E7CD,E28336
4C31B6,80C81A
1FC937,BE1E27
522742,AA5440
705811,5F150C
4CABD7,F58538
4E53E3,1B7C7F
B8390F,E49EAF
07E7F1,6E4579
4C31B6,523D0E
28D4C6,8D991A
A3362E,830E97
D00B3F,BBC3AC
D6F62C,0712D2
2E7A2B,28D4C6
CF572A,BFD067
DEC368,449BC9
705811,2C8F44
0DF7B6,63C191
03C173,9459A8
9D1B99,C9C42A
76CE79,DC9DAC
D8A675,3F02B9
16E7CD,1FAA7B
4CABD7,B8390F
B858CF,4335E4
16E7CD,47768E
029C32,86DEAF
9459A8,07E7F1
DF6477,B0EB1C
4E53E3,88D35D
23BBF8,2805F7
3836FA,1FC937
86C8AB,59A315
D5B0EC,5F150C
A9479D,920A54
649D27,E60811
E49EAF,830E97
D5B0EC,CED2DC
3B5F26,C887F9
1FC937,6261FC
BE44ED,D3E88B
6D7E66,D8A675
B0EB1C,1AE5E3
CC26CC,833507
2E7A2B,A55F80
1644FB,0712D2
D2092D,2605C8
920A54,8F17EE
3BBC3F,AF22AB
705811,3F02B9
78A51A,8C6C72
686975,90E46C
1E3801,CF572A
A6F33F,9BE90C
D2092D,28D4C6
8F41AD,7D76DC
4FCCAD,571AE6
A0F191,03F1E3
5AE8FA,1FC937
4D1100,E73844
BF95CF,AA5440
415839,E60811
3F02B9,73BAE2
582251,76BE07
86C8AB,E0BAB8
DA4788,4335E4
F66120,2BD2F9
508520,ED1847
F19EE0,B0EB1C
211577,4E53E3
C398B9,9BE90C
C54209,3836FA
0DF7B6,0712D2
A2D673,0AE029
F5660C,E57A61
8DB030,51CEAE
71BECA,D3BEFE
03C173,FE04AB
95C026,7F2D82
C9C42A,D5B0EC
F19EE0,2605C8
78ED78,7F2D82
CC26CC,3922A5
5AE8FA,406BA1
AF742F,920A54
A2D673,46B653
38BDBC,0D10F1
C84C89,4DE87A
28D4C6,739659
415839,4335E4
2C8F44,920A54
86DEAF,269B12
211577,8B33C9
86C8AB,C4E83D
4F8125,2BD2F9
D2092D,F19EE0
FE04AB,D7C75D
375D0D,FAC175
7CDFA1,03F1E3
78A51A,D5B0EC
415839,5DF9E1
86C8AB,0EFBCA
3836FA,DC9DAC
FAA897,B116E4
1FC937,E8E3D2
90702B,E3826D
25A8BA,DA4788
F19EE0,2F5469
830E97,011C89
96542A,DC9DAC
28D4C6,2605C8
8221E6,011C89
CF572A,9C160E
920A54,4CABD7
AF742F,9867E5
127A1A,72D8BE
1E3801,2BD2F9
16E7CD,1FC937
86C8AB,0F9504
AB366E,80C81A
8F41AD,2FA9EB
FAC175,C9C42A
86DEAF,B0EB1C
BE44ED,920A54
D5B0EC,E73844
705811,B73A13
920A54,2909EE
BE44ED,32CDD6
EAF257,C9EA0A
3B5F26,8F41AD
25229F,AD00AF
7CDFA1,2C8F44
C398B9,C2F594
AF742F,DC9DAC
2BD2F9,0712D2
51CEAE,C9C42A
D5B0EC,8E778C
DA4788,B600C6
F19EE0,CF572A
E49EAF,D7C75D
CFE627,F242B4
9D1B99,2A7FBF
CF572A,B0EB1C
CF572A,2D60CD
2655FA,D00B3F
A2D673,BE44ED
D2092D,4335E4
78A51A,406BA1
5AE8FA,CC6A08
3B5F26,EC5593
7F2D82,8A2800
71BECA,AA5440
86C8AB,7D76DC
F5660C,199C86
644CFC,E79AE8
F5660C,E8D9AA
508520,B3D976
4C8115,462333
71BECA,68615D
2BD2F9,2655FA
03C173,C07CCD
26823C,62E94E
DAAFA3,FE3CF9
2BD2F9,B8390F
8E1919,63C191
79E0AC,B0EB1C
EB99E8,E5A956
985842,46D5FD
F86DC1,03F1E3
A38DC8,B636BD
300B58,097893
649D27,78ED78
0712D2,E49EAF
920A54,6A8C5C
F19EE0,A51151
86C8AB,38BCB5
B858CF,DC9DAC
705811,2BD2F9
D6F62C,CBFEC2
644CFC,F44E2A
0A5E3D,78ED78
9CD828,A9D1E9
4FCCAD,389330
1E3801,6A5276
86C8AB,639FB4
415839,E5A956
375D0D,2BD2F9
1644FB,63C191
582251,78ED78
6DC800,71BECA
D58C2E,809EF1
03C173,9519E5
746E5C,6261FC
705811,DC9DAC
BE44ED,E3826D
4FCCAD,DEA21E
A3362E,A2D673
300B58,B0EB1C
B858CF,A3362E
FAA897,55FAAE
705811,7F2D82
A2D673,7D069B
322388,B73A13
979C02,8F17EE
A765DA,F58538
979C02,64A61B
E60811,4CABD7
C54209,2BD2F9
78A51A,CA4666
D00B3F,2655FA
9459A8,4D837B
9CDFFF,1FC937
CFE627,FBB564
49E38C,C7C45C
23BBF8,76BE07
B858CF,EAE884
F5660C,0A5E3D
7CDFA1,5603DE
0A5E3D,E60811
07E7F1,D5020B
C84C89,EE1ABB
9459A8,6E4579
DA4788,70804F
300B58,4C20C8
582251,E5A600
DA4788,D954F4
D2092D,7F2D82
03C173,D15825
522742,D2092D
25229F,3922A5
E49EAF,A0F191
F19EE0,FBB564
830E97,1AE5E3
16E7CD,DAAFA3
3BBC3F,B858CF
EAF257,347041
86C8AB,23BBF8
96542A,E60811
461A1E,268FAA
16E7CD,64A61B
DAAFA3,6261FC
0A5E3D,A3362E
DEC368,B8390F
D6F62C,BC5888
86C8AB,F852E2
8221E6,2BD2F9
CF572A,96542A
7CDFA1,1E3801
28D4C6,AD00AF
0A5E3D,2C8F44
582251,011C89
7F2D82,2598BB
F19EE0,E60811
DAAFA3,3B6AD2
E49EAF,4C8115
746E5C,90D224
BE44ED,783DA2
38BDBC,D05243
D3BEFE,45B7B9
9CD828,9ADB07
D2092D,78A51A
BE44ED,6EEE18
CF572A,2605C8
0DF7B6,F58538
300B58,80C81A
40E068,FE3CF9
B0EB1C,BF897D
CF572A,AEB16E
7CDFA1,90D224
C398B9,CBFEC2
78ED78,A0F191
8C6C72,B0EB1C
DEC368,E57A61
B0EB1C,2BD2F9
B0EB1C,853198
7CDFA1,14E197
0DF7B6,9867E5
7CDFA1,68615D
F5660C,65551A
F5660C,CC6A08
B0EB1C,E6209B
8AEBB1,2BD2F9
16E7CD,3048B5
45B7B9,923C73
582251,4E53E3
B858CF,DD79F1
9CD828,9CDFFF
9459A8,5603DE
2909EE,E73844
920A54,6261FC
78A51A,BD1B36
58EFE4,47107D
3B5F26,E5A600
38BDBC,A67413
CF572A,BDB828
45B7B9,DF0DA2
029C32,D789CE
6A8C5C,B858CF
78ED78,2FA9EB
45B7B9,72D882
45B7B9,23BBF8
B0EB1C,2D60CD
B0EB1C,2FA9EB
2C8F44,D2092D
16E7CD,53426B
8F41AD,8AEBB1
C398B9,787CA2
2909EE,E5A600
E6209B,E60811
1E3801,6261FC
C36232,A60EFC
011C89,B8390F
705811,E73844
C887F9,D12BBC
4C31B6,EAEB5C
2A33A7,1FC937
E3CE85,8A390E
705811,78ED78
0DF7B6,D8A675
746E5C,BB6934
415839,0A5E3D
86C8AB,BF897D
D2092D,0D9B02
211577,DAD695
A3362E,D00B3F
71BECA,9867E5
BE44ED,6CEB19
FAA897,5EB96E
029C32,F58538
8E1919,9278E1
26823C,19E680
7CDFA1,78ED78
3836FA,AF742F
5AE8FA,03F1E3
9CDFFF,B0EB1C
C9C469,5FB459
A0F191,7CDFA1
DA4788,C9C42A
71BECA,3836FA
78ED78,E73844
F66120,B0EB1C
3B5F26,03C0D1
3B5F26,D6F62C
38BDBC,36EF43
746E5C,853198
FBB564,78ED78
979C02,FD65CD
8F41AD,A60EFC
8C6C72,73BAE2
8DB030,EB41DB
96542A,CF572A
649D27,4CABD7
5AE8FA,C9C42A
644CFC,1677E3
16E7CD,12E505
C9C469,979C02
78ED78,B0EB1C
8DB030,80C81A
76CE79,B8390F
BE44ED,6261FC
5AE8FA,C7E1EB
CF572A,03C173
0712D2,C9C42A
DAAFA3,300B58
8C6C72,2605C8
6A9872,A60EFC
FAA897,211577
CF572A,DAD695
509333,24F8D3
CFE627,DAAFA3
4E9161,1F7117
96542A,7CDFA1
E6209B,462333
B858CF,A2D673
FE04AB,4452BD
C9C42A,FE04AB
78A51A,4CABD7
45B7B9,F04C1B
78A51A,011C89
461A1E,32B771
8AE5D3,6261FC
5DF9E1,1FC937
78A51A,7FBB8F
7F2D82,6140DB
C398B9,16E7CD
8AEBB1,5B5B0A
BAF9B7,2BD2F9
DEC368,127A1A
76CE79,2BD2F9
8AEBB1,3C7F36
3836FA,7CDFA1
78ED78,1AE5E3
C887F9,0712D2
28D4C6,A51151
9D1B99,8221E6
78A51A,87BD24
0A5E3D,1AE5E3
7F2D82,F19EE0
D58C2E,D8D716
03C173,CF572A
9459A8,E8E3D2
F44E2A,79E0AC
2C8F44,7F2D82
8C6C72,B8390F
C9C469,523D0E
E6209B,B8390F
8C6C72,9CD828
C9C469,673C2D
DA4788,B858CF
28D4C6,64A61B
9CD828,2D60CD
28D4C6,9AC562
509333,011C89
73BAE2,0A5E3D
6A8C5C,73BAE2
45B7B9,4C84DA
C9C469,DE7BDC
C398B9,2BD2F9
D58C2E,38BCB5
79E0AC,16E7CD
644CFC,D7B016
FE04AB,E19C02
3836FA,2F5469
0D10F1,2909EE
16E7CD,CE6088
EBB6E8,3A1345
8DB030,E60811
9CDFFF,2BD2F9
A80E3E,94121A
FBB564,F19EE0
AE6747,E60811
705811,921DFF
96542A,81BBDA
300B58,1FB1FA
8DB030,F19EE0
705811,B858CF
BF1369,920A54
582251,AA5440
9AC562,84111F
28D4C6,4335E4
73BAE2,F19EE0
9D1B99,DEA21E
A3362E,0712D2
73BAE2,B47223
25229F,FE4FC9
EB99E8,347041
4C8115,4CABD7
9CD828,830E97
2655FA,2BD2F9
461A1E,2909EE
9459A8,E60811
B0EB1C,9CDFFF
4C8115,E60811
8AEBB1,47F249
86C8AB,669848
1772D6,7F2D82
508520,D90D58
9DED68,FB0C87
375D0D,029C32
C887F9,03C0D1
4C31B6,EAF257
B0EB1C,CF572A
2C8F44,14E197
7CDFA1,19E680
7CDFA1,B0EB1C
746E5C,DC9DAC
96542A,B8390F
23BBF8,73B424
4FCCAD,1FAA7B
F44E2A,F5660C
4E53E3,2605C8
3B5F26,BCF196
4E53E3,DEA225
28D4C6,81BBDA
8221E6,7C2870
F5660C,E8E3D2
FE04AB,D790C2
8DB030,78C210
E8F3BF,F19EE0
7CDFA1,D5B0EC
1E3801,AD00AF
011C89,B0EB1C
D12BBC,B8390F
A38DC8,71BECA
8C6C72,639FB4
6A9872,8F41AD
6CEB19,DAAFA3
73BAE2,E97CEF
BF1369,4C31B6
3B5F26,347041
830E97,1FC937
C887F9,A3362E
D12BBC,72D8BE
DB2FB2,081054
03C173,081054
86C8AB,CAEE71
F23FC2,7D1F8E
2E7A2B,F19EE0
71BECA,E60811
D5B0EC,8C6C72
0D10F1,0AE029
8AE5D3,CBFEC2
C398B9,DC9DAC
25229F,C74813
F67EF8,920A54
45B7B9,F1FD80
71BECA,9CDFFF
DEC368,EA87F4
90702B,B0EB1C
415839,C8E6CE
F5660C,2D60CD
9AC562,F8B855
F58538,FDD16D
C887F9,70804F
78A51A,38C931
B8390F,DF6477
45B7B9,8F476A
51CEAE,A3362E
6DC800,4CABD7
1E3801,E8E3D2
78A51A,2C8F44
BF01A5,44A87C
C887F9,841486
509333,CAD6BF
6CEB19,78C210
A765DA,FDD16D
71BECA,2605C8
73BAE2,FFFA25
F19EE0,64A61B
C54209,7EE4EF
C9C42A,73BAE2
127A1A,F081E4
4FCCAD,7C71D7
73BAE2,59D91C
BF1369,B600C6
45B7B9,F79996
211577,B8390F
3B5F26,A60EFC
58D4C9,A2FE3D
45B7B9,22FBA0
38BDBC,B0EB1C
979C02,6CEB19
45B7B9,4CAEA3
127A1A,84111F
BE44ED,F8B855
C9C469,14103B
4F8125,65551A
461A1E,BBC3AC
644CFC,406BA1
07E7F1,AD00AF
FE04AB,E0B135
E8F3BF,809EF1
E3CE85,B22E02
300B58,4D837B
509333,56651E
0712D2,8C6C72
B858CF,352FD3
1E3801,87BD24
920A54,D6F62C
73BAE2,8C6C72
B0EB1C,89E43F
03C173,25A8BA
FE04AB,A2FE3D
A62C7D,AF742F
830E97,FE04AB
DAC29B,9F3CC4
B0EB1C,7AA963
011C89,8C6C72
C94E4A,C0FFF0
1E3801,B0EB1C
4D1100,BCF196
16E7CD,5603DE
8DB030,FE04AB
8221E6,673C2D
03C173,0B3DD6
8F41AD,E73844
38BDBC,FE04AB
8DB030,347041
8C6C72,C4AB3C
4FCCAD,6A5276
211577,4335E4
A3362E,8C6C72
D12BBC,3048B5
4D837B,CF572A
9CD828,7AA963
8AEBB1,68615D
28D4C6,FBB564
746E5C,6E8BC6
07E7F1,9459A8
6D7E66,CFE627
DA4788,BCE4E2
28D4C6,389330
8C6C72,0D6E59
6B20B7,F19EE0
0712D2,B8390F
2C8F44,73BAE2
3B5F26,E47CB2
FE04AB,462333
4CABD7,4D837B
0A5E3D,0712D2
4D1100,A2D673
644CFC,E57A61
DF6477,011C89
78A51A,935F2B
38BDBC,E3826D
96542A,7F2D82
96542A,E97CEF
AF742F,1E3801
985842,4335E4
E6209B,4CABD7
78A51A,ED7A44
38BDBC,A5BD6B
86C8AB,011C89
C9C469,2655FA
AF742F,639FB4
7CDFA1,D45949
0A5E3D,B47223
A77089,EB99E8
90702B,9278E1
A765DA,029C32
6D7E66,E49EAF
7CDFA1,0756B6
1FC937,B0EB1C
4F8125,5603DE
D2092D,AD00AF
7F2D82,59D91C
9459A8,BF897D
A3362E,2909EE
DA4788,4D1100
4FCCAD,9459A8
4E53E3,2CDD67
90702B,C0FFF0
26823C,2BD2F9
AF742F,7E9A2A
A38DC8,6B938A
5DF9E1,E5A956
25229F,9DA14C
5AE8FA,643534
C2835A,CFE627
7F2D82,78ED78
677172,16E7CD
C398B9,A3362E
705811,4CABD7
78ED78,E60811
0A5E3D,035288
D12BBC,59D91C
1E3801,4335E4
3836FA,582251
A2D673,0D10F1
BE44ED,5995DD
1E3801,199C86
830E97,DF6477
D5C787,8F41AD
985842,BCF196
E3CE85,D5B0EC
78A51A,DA3CEA
FE3CF9,0A5E3D
CFE627,4CABD7
FBB564,3836FA
5E302B,28D4C6
5AE8FA,67D977
508520,F19EE0
3F02B9,BCF196
0A5E3D,2BD2F9
90702B,2FA9EB
2909EE,3B5F26
FE3CF9,985842
6A8C5C,4D1100
17B8C2,4CABD7
2C8F44,0A5E3D
A0F191,C9C42A
A0F191,E49EAF
1E3801,C1E387
F67EF8,462333
DAC29B,92C1D9
4C31B6,3048B5
F5660C,E60811
BF95CF,C0BAE4
51CEAE,DC9DAC
5AE8FA,79978F
D5B0EC,84D5CC
211577,64A61B
2C8F44,FDD16D
461A1E,FDD16D
4CABD7,FDD16D
59988D,127A1A
96542A,1FC937
644CFC,1B2020
78ED78,7CDFA1
FBB564,9CDFFF
DAC29B,A3362E
F58538,643534
985842,3F02B9
C9C469,1FC937
8221E6,FBB564
4C8115,7CDFA1
D58C2E,DEA225
522742,7EE4EF
D2092D,C9C42A
36EF43,38BDBC
582251,62E94E
C9C42A,582251
211577,E60811
0D10F1,A2D673
E3CE85,F19EE0
71BECA,81BBDA
86C8AB,0C2859
E8F3BF,F04C1B
86C8AB,F1FD80
71BECA,0712D2
9459A8,65551A
9AC562,DC9DAC
746E5C,D1CF2C
830E97,78A51A
582251,EE3542
96542A,EB30C4
F58538,D8A675
A80E3E,DEA21E
C9C469,0A6FE1
DAAFA3,9CDFFF
C9DB4D,D3BEFE
AB366E,9867E5
C887F9,4C31B6
C9C469,EB99E8
582251,8F6F4C
5AE8FA,BD1B36
830E97,03C173
4C8115,830E97
127A1A,4D1100
07E7F1,C9C42A
979C02,78ED78
522742,50448D
71BECA,C9C42A
0712D2,F58538
2E1D20,DAAFA3
86C8AB,59D91C
FBB564,CFE627
0DF7B6,00C96F
28D4C6,A3FEAF
03C173,04FEF5
D2092D,A3362E
D00B3F,E73844
61FD90,63C191
DA4788,80AD2C
B858CF,C2F594
A62C7D,B0EB1C
8F41AD,BBC3AC
2BD2F9,462333
B8390F,985842
B858CF,1EA6A9
FE04AB,E49EAF
746E5C,2BD2F9
D3BEFE,FB284E
EB99E8,E73844
38BDBC,96542A
DAAFA3,B858CF
2C8F44,8F41AD
0DF7B6,B0EB1C
CF572A,4D837B
FE04AB,EB99E8
BE44ED,C94E4A
28D4C6,E0BAB8
211577,C9C42A
DAC29B,336177
4E53E3,9D1B99
EAF257,C1E387
4E53E3,02FD13
830E97,8C6C72
40E068,4335E4
B858CF,C7BAB1
985842,B88A8B
B0EB1C,EE2C1B
2C8F44,2BD2F9
4D1100,DA4788
49E38C,F19EE0
1FC937,78ED78
920A54,D954F4
3836FA,03C0D1
746E5C,AA5440
DF6477,4E53E3
3B5F26,CD60C5
03C173,6E9A87
D6F62C,920A54
B858CF,0A9D45
6D7E66,B55D61
2C8F44,78C210
9DED68,8A2800
B8390F,3F02B9
A0F191,4CABD7
9AC562,2BD2F9
8AE5D3,DAAB7D
4CABD7,71BECA
C84C89,011C89
415839,B8390F
1E3801,1FC937
86C8AB,953F22
4CABD7,DAAFA3
45B7B9,82C312
5AE8FA,9C6D1F
86DEAF,347041
4CABD7,649D27
BF01A5,EEE8AD
DA4788,C398B9
F58538,56363B
86C8AB,06D3C5
F66120,4CABD7
D2092D,DC9DAC
FBB564,AA5440
FE04AB,03C173
D2092D,C4AB3C
96542A,935F2B
16E7CD,406BA1
03C173,935F2B
BE44ED,A2D673
9CD828,73BAE2
B0EB1C,EB99E8
E60811,AD00AF
830E97,9CD828
2E7A2B,BD6477
DA4788,25A8BA
F44E2A,C9C42A
EC5593,B0EB1C
86C8AB,718A13
9CDFFF,E49EAF
51CEAE,7F2D82
03C173,BE1E27
CF572A,6261FC
4D1100,787CA2
38BDBC,8A2800
6D7E66,921DFF
A62C7D,1EB4A5
E3CE85,96542A
8C6C72,C1E387
3BBC3F,1B7C80
979C02,4F149B
38BDBC,70804F
D58C2E,66BD46
71BECA,B0EB1C
28D4C6,F19EE0
3B5F26,2BD2F9
6B20B7,78852B
4C31B6,2C8F44
920A54,3E52E0
8C6C72,C7E1EB
B0EB1C,6261FC
DEC368,1FC937
9AC562,24B842
86C8AB,E73844
F66120,C1B8EE
78ED78,2BD2F9
B0EB1C,830E97
F5660C,7CDFA1
F19EE0,4335E4
78ED78,8F41AD
B8390F,2BD2F9
5AE8FA,59D91C
76CE79,7CDFA1
F5660C,6BB3C0
EBB6E8,25A8BA
300B58,25A8BA
78ED78,BE1E27
F66120,95404B
FE3CF9,4C8115
AE6747,FE04AB
300B58,3F02B9
B858CF,6A8C5C
746E5C,F19EE0
7F2D82,EB30C4
677172,C8604F
D6F62C,700359
DEC368,DA4788
A0F191,739659
7CDFA1,D7B016
3B5F26,4CABD7
45B7B9,9DDAE6
0DF7B6,07FABF
7CDFA1,4C23E0
79E0AC,2BD2F9
011C89,78ED78
C398B9,4335E4
CF572A,19E680
07E7F1,DC9DAC
EB99E8,920A54
F19EE0,011C89
705811,853198
705811,E5A956
0712D2,B0EB1C
2C8F44,B8390F
C9DB4D,B116E4
3836FA,E73844
16E7CD,73BAE2
86DEAF,9519E5
D2092D,DAD695
45B7B9,51E97D
86DEAF,0AE029
B0EB1C,935F2B
9AC562,DF0DA2
E3CE85,76BE07
3836FA,FBB564
8C6C72,8430D9
D58C2E,1C59E3
920A54,3F02B9
582251,7F2D82
79E0AC,011C89
0712D2,4CABD7
4CABD7,8F41AD
45B7B9,64A61B
38BDBC,E0B135
AF742F,C398B9
C9C469,2BD2F9
61FD90,EE3542
CB0F7E,901362
F5660C,9867E5
28D4C6,DF0DA2
2BD2F9,4D1100
DA4788,127A1A
7F2D82,E73844
C84C89,D529CF
A3362E,E6209B
45B7B9,D52387
A38DC8,406BA1
3B5F26,0712D2
705811,B8390F
920A54,E49EAF
582251,5603DE
920A54,0712D2
C9C469,F537CB
9CD828,B73A13
8DB030,D8A675
DEC368,0A5E3D
86DEAF,921DFF
EAF257,4C31B6
FE3CF9,5DF9E1
28D4C6,B47223
F66120,406BA1
1FC937,9A2B2C
CF572A,C4AB3C
03C173,C8E6CE
45B7B9,FBBAFC
DAAFA3,9CD828
86C8AB,139AA3
3B5F26,DC9DAC
71BECA,1E3801
E49EAF,A765DA
0A5E3D,7CDFA1
B0EB1C,1FB1FA
300B58,2C17CC
D2092D,63C191
4C8115,72D8BE
26823C,56946B
746E5C,E47CB2
71BECA,CBFEC2
A7F6E1,28D4C6
73BAE2,3F02B9
07E7F1,6A8C5C
D5B0EC,E3CE85
5DF9E1,F5660C
C9C42A,AEB16E
9CD828,63A604
4C31B6,C887F9
9AC562,B47223
45B7B9,FCA7E4
45B7B9,79A72F
7F2D82,DC9DAC
D5B0EC,2BD2F9
C9C42A,B8390F
F5660C,A3362E
DA4788,D6F62C
C398B9,9CD828
830E97,E49EAF
C398B9,4B19A7
28D4C6,CD60C5
4E53E3,163AE2
B858CF,3F02B9
A0F191,14103B
8221E6,582251
D58C2E,56E4EE
F5660C,1E3801
07E7F1,FEC87A
1FC937,DAAFA3
25229F,29789B
E6209B,4C8115
86C8AB,3F02B9
1E3801,B8390F
9459A8,03C173
CF572A,A51151
4D1100,300B58
F19EE0,B116E4
78ED78,03C173
C398B9,935F2B
2BD2F9,DF6477
4C31B6,B0EB1C
C887F9,4335E4
6D7E66,65551A
E6209B,D00B3F
0A5E3D,03C0D1
71BECA,F19EE0
1FC937,0712D2
96542A,49E38C
38BDBC,F2B76E
FE04AB,BE1E27
A2D673,EBB6E8
C887F9,1574CD
DAAFA3,C9C42A
4FCCAD,DFC307
8C6C72,8B2E3A
9CD828,78DE4F
16E7CD,D6F62C
DF6477,84D5CC
1E3801,C1B8EE
DA4788,3F02B9
DAAFA3,03C0D1
C887F9,538B0F
920A54,0501BD
D6F62C,D790C2
462333,B8390F
3BBC3F,A2D673
38BDBC,BC5888
0D10F1,DC9DAC
16E7CD,F5660C
8F41AD,DE4221
D2092D,921DFF
105D2F,20511F
61FD90,AC8AC2
16E7CD,830E97
DA4788,A60EFC
E3CE85,1054E9
B81671,B58589
45B7B9,32B6F8
86C8AB,AD00AF
8C6C72,6261FC
6A8C5C,920A54
0A5E3D,B8390F
7F2D82,4335E4
9DED68,269B12
2655FA,E73844
78A51A,B0EB1C
25229F,B55D61
6D7E66,70E034
5AE8FA,A9D1E9
415839,639FB4
D6F62C,4D837B
6B20B7,5AE8FA
322388,1574CD
8DB030,DAD695
DAAFA3,96542A
28D4C6,19E680
522742,569E27
F5660C,347041
1E3801,0E1407
0712D2,E6209B
B55D61,6D7E66
A0F191,FC1312
70E548,FFF539
F44E2A,16E7CD
9CD828,6261FC
830E97,E35E27
300B58,BCE4E2
4F8125,72D8BE
F58538,56946B
73BAE2,53426B
CC26CC,45B7B9
B0EB1C,D5B0EC
F5660C,7D76DC
B0EB1C,04FEF5
28D4C6,C9C42A
D8A675,B8390F
6DC800,7303B0
522742,CED2DC
CF572A,73BAE2
BF1369,D6F62C
B0EB1C,96542A
BAF9B7,DAAFA3
25229F,67D977
71BECA,72D882
BF1369,EA87F4
A38DC8,16E7CD
E3CE85,2C70B4
D6F62C,2909EE
45B7B9,14FDF0
B8390F,1E3801
86DEAF,AA16E3
9D1B99,F04C1B
3836FA,7F2D82
508520,C9C42A
C84C89,2598BB
FE04AB,DF6477
E3CE85,4DE559
D857F1,C9C42A
73BAE2,64A61B
F86DC1,C431F7
8C6C72,2869CA
5AE8FA,9459A8
3BBC3F,3554F8
76CE79,029C32
1E3801,03C0D1
E3CE85,C1E387
B858CF,D954F4
49E38C,A9D1E9
644CFC,42E600
746E5C,B8390F
90702B,5603DE
1FC937,2BD2F9
644CFC,50ACE0
CFE627,4335E4
677172,472438
2C8F44,4CABD7
DA4788,1EA6A9
1E3801,D5B0EC
26823C,1AE5E3
86DEAF,F97408
9DED68,B8390F
B8390F,A3362E
FE04AB,DF5767
86DEAF,268FAA
A62C7D,D7C75D
F86DC1,2BD2F9
E60811,830E97
4FCCAD,7F2D82
11DC2C,478A86
C36232,DC9DAC
76CE79,E60811
73BAE2,C1E387
D3BEFE,75C794
73BAE2,1AE5E3
C84C89,1BBC96
28D4C6,C4AB3C
DA4788,4CABD7
D6F62C,EE4532
2BD2F9,7CDFA1
375D0D,A3362E
705811,0A5E3D
96542A,6CEB19
509333,67D9AF
B8390F,2655FA
8AEBB1,B0EB1C
1FC937,C1B8EE
07E7F1,6EDCBD
4FCCAD,AA5440
378776,D52387
677172,6261FC
BF01A5,2655FA
8C6C72,FBB564
5AE8FA,1FAA7B
86DEAF,AA5440
2A33A7,B0EB1C
F5660C,D3BEFE
4C31B6,AF742F
A80E3E,9697AF
705811,4335E4
28D4C6,F3D38A
FE3CF9,4335E4
23BBF8,45B7B9
D12BBC,2FA9EB
73BAE2,571AE6
F19EE0,C4AB3C
86C8AB,88429E
E3CE85,B0EB1C
38BDBC,00C96F
FE04AB,1FB1FA
4E53E3,0A5E3D
985842,E5A956
522742,23BBF8
3BBC3F,63A604
96542A,3BB35E
375D0D,86DEAF
25229F,81BBDA
C887F9,7AA963
8DB030,E54F58
38BDBC,268FAA
4E53E3,EE1ABB
C887F9,E6209B
DA4788,8A2800
9D1B99,2BD2F9
1E3801,1FAA7B
8C6C72,371F75
4CABD7,7F2D82
DEC368,4D1100
FE3CF9,920A54
830E97,E73844
A2D673,7314A7
CF572A,02FD13
9AC562,59A315
D5B0EC,9278E1
45B7B9,FFFE7D
211577,DC9DAC
23BBF8,A51151
582251,DAD695
C7DE28,087756
B0EB1C,1FC937
9CDFFF,B8390F
AF742F,3048B5
127A1A,E97CEF
E60811,B8390F
AF742F,AD00AF
38BDBC,78C210
8C6C72,E73844
FE3CF9,E49EAF
2655FA,9CD828
78A51A,46D5FD
A2D673,FE04AB
3BBC3F,DC9DAC
9CD828,1E3801
B8390F,E60811
979C02,A3362E
D6F62C,B0EB1C
9D1B99,817A5E
C9C469,515DBB
F66120,E3CE85
2C8F44,705811
705811,73BAE2
D6F62C,7AA963
DA4788,DC9DAC
127A1A,70804F
A9479D,FDD16D
78ED78,9519E5
79E0AC,9867E5
211577,AD00AF
DAC29B,FE8943
0D10F1,D3E88B
F19EE0,59D91C
8C6C72,BF897D
649D27,F58538
6CEB19,DC9DAC
BF01A5,F19EE0
28D4C6,78ED78
D3BEFE,9DA14C
9CDFFF,830E97
8F41AD,2F5469
FE3CF9,830E97
7020BD,3B5F26
B858CF,0C0199
011C89,830E97
79E0AC,6261FC
FE3CF9,DC9DAC
EB99E8,2FA9EB
78A51A,B7E2E9
4E9161,081054
2BD2F9,8F41AD
38BDBC,E60811
0A5E3D,DC9DAC
F44E2A,007EE1
A0F191,1FC937
830E97,16E7CD
E3CE85,79A72F
9CDFFF,DAAFA3
300B58,F242B4
65BE74,36AD63
3F02B9,DC9DAC
4C31B6,C820A3
DAAFA3,B55D61
A3362E,B8390F
746E5C,C9C42A
73BAE2,B8390F
79E0AC,FBB564
D58C2E,E34D45
F44E2A,78ED78
C398B9,C887F9
71BECA,2C8F44
979C02,4E53E3
03C173,2909EE
582251,E73844
D12BBC,0712D2
2909EE,0712D2
86C8AB,78A51A
E6209B,F58538
F5660C,E79AE8
23BBF8,21C164
0A5E3D,8210BD
DA4788,84111F
78ED78,9CDFFF
4D1100,0712D2
A2D673,0A9D45
FE3CF9,B0EB1C
38BDBC,9F850C
0A5E3D,3F02B9
BE44ED,97DB45
DEC368,3D0D46
4E53E3,F19EE0
D5C787,E5A600
16E7CD,03F1E3
F44E2A,1FE5E1
3BBC3F,80A348
7CDFA1,C1E387
1E3801,73BAE2
4CABD7,4D1100
C84C89,A755EA
1E7A74,DE7BDC
8AEBB1,D7B016
C887F9,0AE029
DEC368,462333
7CDFA1,57C706
A38DC8,78C210
8C6C72,AEB16E
9DED68,9519E5
3F02B9,B8390F
B0EB1C,E73844
C398B9,3F02B9
1E3801,7CDFA1
1E3801,AF742F
26823C,389330
A3362E,FDD16D
E3CE85,32B771
985842,D8A675
BE44ED,2909EE
CF572A,389330
211577,7EE4EF
DA4788,2BD2F9
E60811,E49EAF
4C31B6,FE04AB
D2092D,59A315
86DEAF,706E18
705811,40E068
DEC368,920A54
127A1A,65551A
D58C2E,DF6477
746E5C,891797
979C02,85C92C
BE44ED,D7241B
FE04AB,B8390F
C887F9,E5A956
1FC937,B8390F
D5B0EC,DAD695
A0F191,011C89
2C8F44,E49EAF
C9C469,D7BF87
F5660C,1487F0
DEC368,2909EE
D00B3F,2FA9EB
830E97,C1E387
C9C42A,6A5276
C398B9,462333
6A8C5C,40E068
127A1A,DEC368
920A54,9CD828
96542A,18045A
3836FA,B4D00C
79E0AC,1E3801
7F2D82,E97CEF
582251,2CF575
127A1A,C9C42A
4CABD7,3F02B9
4E53E3,28BD47
78A51A,EB30C4
76CE79,C9C42A
7F2D82,A3FEAF
3836FA,D5B0EC
3BBC3F,058C5B
C398B9,0712D2
DF6477,F19EE0
830E97,FE3CF9
8F41AD,5815F2
73BAE2,B0EB1C
A0F191,4DB996
A38DC8,95F423
9CD828,FFFA25
7F2D82,76B0DD
4C8115,0A5E3D
DF6477,64A61B
86DEAF,0712D2
8C6C72,830E97
28D4C6,F1FD80
1E3801,F19EE0
830E97,C69C5A
D2092D,44A87C
0A5E3D,FE3CF9
78A51A,639FB4
6CEB19,CBFEC2
8C6C72,84D5CC
E49EAF,2655FA
25229F,643534
FBB564,D7B016
211577,0712D2
127A1A,E60811
6DC800,03C0D1
B0EB1C,A836BC
F5660C,4335E4
45B7B9,65D322
49E38C,C9C42A
3B5F26,76CE79
CFE627,BC3110
40E068,D8A675
1E3801,A3362E
16E7CD,D9E692
6D7E66,82E57D
8C6C72,78A51A
73BAE2,CD60C5
16E7CD,C0FFF0
746E5C,E8E3D2
415839,5FEE64
FBB564,1AE5E3
3F02B9,4CABD7
95C026,0D10F1
4F8125,935F2B
28D4C6,8C6C72
2BD2F9,4C8115
8C6C72,A3362E
0A5E3D,5603DE
86DEAF,526CD0
9459A8,B0EB1C
644CFC,891797
E3CE85,F66120
4CABD7,C9C42A
FAA897,8221E6
DEC368,6261FC
D5B0EC,2655FA
71BECA,8210BD
16E7CD,1DC6CE
8F41AD,705811
C9C42A,E60811
9CD828,E19C02
4C31B6,C2F594
1F260B,D2092D
4C8115,4335E4
509333,6A5276
23BBF8,64A61B
DAC29B,A7F6E1
EAF257,D8A675
C9C469,C9C42A
38BDBC,3BBC3F
E3CE85,BFD067
3B5F26,3B6AD2
86C8AB,5BE906
1FC937,BB6934
CFE627,7F2D82
FE04AB,2D60CD
C398B9,DAAFA3
509333,90DB21
9DED68,D8A675
86C8AB,0A5E3D
705811,B0EB1C
58EFE4,739659
CF572A,D15825
0A5E3D,B858CF
E60811,2C8F44
E60811,0A5E3D
011C89,3008F3
16E7CD,FFFA25
C887F9,E5A600
461A1E,6E9A87
6DC800,347041
0712D2,FE3CF9
4D1100,462333
6CEB19,097893
8E1919,3F02B9
71BECA,D5020B
582251,59A315
DB2FB2,E5A600
522742,2BD2F9
746E5C,0E1407
A3362E,E49EAF
0712D2,985842
1E3801,78ED78
705811,9278E1
5AE8FA,78852B
F44E2A,2BD2F9
E3CE85,CED2DC
C9C469,F19EE0
0A5E3D,8A2800
E49EAF,FE3CF9
4E53E3,2655FA
6969D0,CFE627
AE6747,FE8943
36EF43,920A54
644CFC,011C89
4E53E3,CAD6BF
A38DC8,597B09
A7F6E1,9D1B99
4E53E3,CD60C5
920A54,526CD0
0A5E3D,E73844
DA4788,DEC368
E3CE85,D1CF2C
9459A8,935F2B
86C8AB,C9C42A
9D1B99,2605C8
7CDFA1,4C8115
BE44ED,D954F4
78ED78,2655FA
8F41AD,B8390F
78A51A,6261FC
582251,4335E4
73BAE2,04FEF5
D12BBC,127A1A
E3CE85,AEB16E
920A54,4335E4
16E7CD,C7E1EB
90702B,FE04AB
3B5F26,7020BD
2E7A2B,ED49BD
D2092D,3836FA
78A51A,3836FA
F66120,1E3801
9D1B99,3BB397
96542A,AD00AF
8F41AD,D5C787
920A54,70804F
79E0AC,921DFF
FE04AB,2FA9EB
C398B9,7E3BF5
D6F62C,4B19A7
B0EB1C,8F41AD
28D4C6,AA5440
8DB030,2C8F44
96542A,B7E2E9
7F2D82,96542A
522742,AC274D
2655FA,4CABD7
705811,AA5440
A3362E,25A8BA
D8A675,E49EAF
23BBF8,65D322
211577,B0EB1C
4E53E3,0BA5DB
AF742F,4D837B
EC5593,1419FD
582251,16E7CD
375D0D,DAAFA3
1E3801,90D224
D58C2E,F97871
03C173,2D60CD
011C89,EB30C4
522742,923C73
16E7CD,D1CF2C
300B58,8F41AD
DF6477,2605C8
25A8BA,0501BD
2909EE,FE3CF9
2909EE,BCF196
BF1369,0712D2
4CABD7,1E3801
23BBF8,C34C1B
746E5C,2C8F44
211577,FE4FC9
C398B9,AF742F
78ED78,830E97
EB99E8,F5660C
B8390F,4C8115
D2092D,AA5440
E60811,4335E4
0A5E3D,891797
9CD828,920A54
644CFC,F8158F
1FC937,4CABD7
D6F62C,A765DA
28D4C6,73BAE2
49E38C,78A51A
7CDFA1,007EE1
D3BEFE,2A7FBF
582251,76B0DD
A80E3E,7FD085
2E7A2B,55A78B
8C6C72,EB30C4
B0EB1C,C9C42A
7CDFA1,0A5E3D
61FD90,71BECA
B858CF,787CA2
0A5E3D,9CDFFF
38BDBC,1EA6A9
03C173,673830
38BDBC,787CA2
C9C42A,2C8F44
2655FA,FE3CF9
1E3801,1AE5E3
CF572A,E5A600
6CEB19,300B58
644CFC,2AED70
B858CF,0AE029
16E7CD,6E8BC6
8F41AD,B0EB1C
8E1919,4D1100
7CDFA1,F23FC2
CF572A,D8A675
86C8AB,6DB7FA
86C8AB,4E53E3
B858CF,32CDD6
03C173,65551A
16E7CD,9867E5
3F02B9,EB99E8
7F2D82,FE04AB
8221E6,B47223
920A54,DA4788
78A51A,1FC937
86C8AB,40BE31
644CFC,59D91C
73BAE2,2605C8
522742,3836FA
1E3801,E3CE85
B8390F,78ED78
127A1A,25A8BA
5AE8FA,199C86
B858CF,73BAE2
4D1100,DAAFA3
508520,CE68D1
522742,DE7BDC
28D4C6,2BD2F9
3F02B9,2C8F44
4E53E3,67D977
5AE8FA,DA5F62
E49EAF,1FC937
D8A675,985842
4CABD7,2BD2F9
AA5DD6,C9C42A
26823C,C9C42A
45B7B9,44DAAF
71BECA,3048B5
7CDFA1,011C89
582251,C9C469
6CEB19,96542A
0712D2,D00B3F
76CE79,DAAFA3
40E068,2BD2F9
0A5E3D,639FB4
A62C7D,78C210
0A5E3D,EB30C4
300B58,269B12
71BECA,C0F7F3
2909EE,DAAFA3
9CDFFF,78ED78
979C02,644B02
7F2D82,1FAA7B
F19EE0,7F2D82
0D10F1,985842
4D1100,2BD2F9
CFE627,2C8F44
79E0AC,BF897D
8C6C72,F3D38A
F23FC2,AE19B6
4FCCAD,AD00AF
3F02B9,8210BD
71BECA,AD00AF
23BBF8,A02232
B0EB1C,862D2D
0DF7B6,76BE07
1FC937,9CDFFF
1E3801,9CDFFF
E49EAF,63C191
86DEAF,DAAFA3
C84C89,28D4C6
FE04AB,D5B0EC
AF742F,029C32
9459A8,79E0AC
6CEB19,B7E2E9
D8A675,4CABD7
CF572A,8210BD
011C89,FF23A4
49E38C,32B771
8F41AD,E5A956
E3CE85,582251
979C02,713B0A
D2092D,4E53E3
9459A8,C4AB3C
8C6C72,28D4C6
86C8AB,2C6251
D2092D,011C89
0712D2,A3362E
71BECA,C69C5A
61FD90,79A333
3836FA,78ED78
DAC29B,70804F
9D1B99,F19EE0
16E7CD,0712D2
746E5C,76B0DD
70E548,3048B5
1E3801,C9C42A
705811,935F2B
F66120,AD00AF
A2D673,DC9DAC
8221E6,428261
3BBC3F,4D837B
28D4C6,2F5469
5AE8FA,B47223
508520,EE1ABB
78A51A,7CFAAF
2909EE,CFE627
86E799,2A7FBF
73BAE2,C4AB3C
746E5C,947DAD
16E7CD,F44E2A
4E53E3,8FF3FF
78ED78,1FC937
38BDBC,24B842
677172,1574CD
F44E2A,62E94E
375D0D,03F1E3
5AE8FA,2605C8
16E7CD,C886F4
9D1B99,718A13
61FD90,1E3801
649D27,2BD2F9
C2DD29,BBC3AC
A2D673,FE3CF9
C887F9,6E9A87
D58C2E,739659
B0EB1C,73BAE2
71BECA,59D91C
78A51A,BBC3AC
2BD2F9,DAAFA3
A2D673,4B9FD1
0712D2,4D1100
F66120,D7B016
DEC368,0501BD
F23FC2,4C8115
D5B0EC,1FC937
2C8F44,A3362E
011C89,8A390E
16E7CD,B47223
E3CE85,F1FD80
B858CF,2909EE
4E53E3,389330
EB99E8,65551A
DAAFA3,5816C8
8AEBB1,081054
8221E6,8B33C9
2C8F44,462333
9459A8,C9C42A
38BDBC,D00B3F
9CD828,8C6C72
375D0D,E6209B
71BECA,80C81A
3B5F26,B25D3D
F66120,F19EE0
9DED68,0712D2
3B5F26,B73A13
8A6FEC,76D78E
C398B9,46B653
B0EB1C,1EA6A9
DEC368,787CA2
71BECA,9519E5
5AE8FA,E57A61
D8A675,029C32
73BAE2,EB30C4
DA4788,C7BAB1
F86DC1,B0EB1C
6CEB19,C372B2
D6F62C,4494E5
705811,9CDFFF
830E97,7F1D34
F5660C,EB99E8
2A33A7,0756B6
7CDFA1,A838BF
AF742F,3F02B9
AB366E,C9C42A
07E7F1,1454CF
D2092D,C40D3F
CFE627,46757A
36EF43,7AA361
A0F191,D4BCBE
0A5E3D,96542A
D58C2E,746E5C
677172,639FB4
CB0F7E,98F008
B0EB1C,78ED78
A7F6E1,714E46
DA4788,705811
1E3801,8A2800
B4ADA2,92C1D9
71BECA,16E7CD
0D10F1,46D5FD
C9C42A,011C89
78ED78,5F150C
26823C,3836FA
5E302B,125BAE
C9C469,AD7DE4
211577,AA5440
F23FC2,B0EB1C
4F8125,0E2C2A
A3362E,0A5E3D
0DF7B6,097893
649D27,4D1100
C9DB4D,787CA2
508520,515DBB
DAAFA3,185BA0
461A1E,C0FFF0
45B7B9,D0C669
582251,2FA9EB
520552,B03977
A38DC8,72AED8
F19EE0,C9C469
C84C89,30F6D8
78A51A,A9D1E9
DA4788,EB99E8
1E3801,BF897D
A3362E,4C8115
DAAFA3,639FB4
A3362E,F58538
4FCCAD,5B5B0A
8E1919,2909EE
979C02,F04C1B
979C02,AA5440
23BBF8,1168DB
F5660C,E47CB2
2655FA,A3362E
9DED68,4CABD7
EBB6E8,A2D673
029C32,AF742F
462333,DC9DAC
2E7A2B,0FF3CF
A38DC8,A56ACB
985842,92C1D9
EB99E8,B0EB1C
0A5E3D,011C89
582251,2605C8
F19EE0,C9C42A
985842,8A2800
D2092D,2A7FBF
86DEAF,9B6944
73BAE2,DC9DAC
8C6C72,F02239
73BAE2,2C8F44
D5B0EC,9CDFFF
86DEAF,029C32
F5660C,921DFF
7CDFA1,6BB3C0
4FCCAD,A51151
C84C89,2A7FBF
A0F191,78ED78
7F2D82,CD60C5
A0F191,AC17ED
B0EB1C,0712D2
8DB030,5406DA
5AE8FA,A0F191
C84C89,B47223
C9C42A,0A5E3D
1FC937,65551A
029C32,8F1CB5
71BECA,67D977
A3362E,DF6477
4FCCAD,8D991A
79E0AC,78ED78
16E7CD,04FEF5
FBB564,02FD13
8221E6,7B6935
9CD828,C886F4
B0EB1C,AFDBC7
78ED78,E19C02
45B7B9,4335E4
7F2D82,FBB564
582251,FBB564
AB366E,3A7CF6
0A5E3D,D8A675
C54209,D2092D
7CDFA1,6261FC
B858CF,8A2800
1F260B,64A61B
A80E3E,6B75B3
D2092D,582251
0A5E3D,1EA6A9
DAC29B,5DF9E1
D8A675,D00B3F
582251,9ADB07
A38DC8,E6209B
1FC937,EB30C4
AF742F,744D1D
5DF9E1,830E97
7CDFA1,DAD695
71BECA,03C0D1
E3CE85,A51151
D58C2E,9ADB07
E60811,0756B6
FE04AB,7F2D82
508520,739659
38BDBC,7C34BE
AF742F,B0EB1C
F5660C,D7B016
03C173,269B12
CF572A,6E9A87
76CE79,2909EE
CFE627,E0177C
38BDBC,BE44ED
7CDFA1,862D2D
B858CF,4494E5
6DC800,E6209B
3B5F26,A2D673
AF742F,63C191
7F2D82,F1FD80
746E5C,95F423
D5B0EC,6A8C5C
1E3801,78A51A
45B7B9,8E2BD5
A3362E,2655FA
3836FA,AD00AF
8DB030,8F41AD
70E548,1CE802
4CABD7,E49EAF
920A54,E5A956
582251,B0EB1C
78A51A,AA5440
D5B0EC,EB30C4
3836FA,2BD2F9
A6F33F,746563
1E3801,68615D
B8390F,8C6C72
28D4C6,8F6F4C
D2092D,B47223
8F41AD,8DB030
71BECA,78A51A
EB99E8,96542A
90702B,DA3CEA
3836FA,78A51A
127A1A,985842
03C173,0AE029
C9DB4D,D00B3F
9DED68,D5020B
90702B,0A9D45
8221E6,79A72F
F44E2A,A838BF
73BAE2,4335E4
8F41AD,DC9DAC
B0EB1C,4452BD
0DF7B6,9278E1
8F41AD,BD556C
746E5C,D96E7C
2C8F44,AF742F
D8A675,F58538
E6209B,A3362E
FE3CF9,A2D673
920A54,830E97
71BECA,347041
F44E2A,D45949
508520,804C4A
5AE8FA,87BD24
FAA897,2BD2F9
86DEAF,0DF7B6
23BBF8,81BBDA
5E302B,7F2D82
D2092D,B6F102
D5B0EC,FE3CF9
979C02,44A87C
300B58,4F8125
DA4788,3A1345
3836FA,32B771
C9C42A,DAAFA3
F66120,03F1E3
C9C42A,7CDFA1
4C8115,E49EAF
86DEAF,787CA2
211577,826679
F44E2A,1E3801
3BBC3F,36EB0E
B858CF,D8A675
1FC937,C9C42A
E49EAF,2D60CD
4FCCAD,9CDFFF
462333,1FB1FA
49E38C,830E97
BE44ED,1B7C7F
61FD90,67D977
96542A,32B771
C887F9,07FABF
4D1100,DC9DAC
8C6C72,1AE5E3
EAF257,80C81A
1E3801,BB6934
F5660C,63C191
BE44ED,FE3CF9
28D4C6,59D91C
4D1100,D3BEFE
FE3CF9,E73844
D2092D,76BE07
9CDFFF,705811
375D0D,DF6477
1F260B,72D882
FAA897,D1FCD0
E6209B,1FC937
F44E2A,B4D00C
4F8125,C9C42A
4E53E3,DE7BDC
746E5C,E79AE8
25229F,B47223
9DED68,081054
BAF9B7,920A54
5E302B,A34C85
A80E3E,2A7FBF
979C02,9DA14C
D2092D,6A5276
582251,7CDFA1
3B5F26,119567
644CFC,BC3110
375D0D,AB366E
011C89,C9C42A
1FC937,7CDFA1
26823C,E95ADB
DF6477,C9C42A
9CD828,347041
979C02,59A315
E60811,4C8115
23BBF8,72D882
7020BD,C761E2
011C89,A838BF
FAC175,F19EE0
1E3801,AA5440
985842,DA4788
D12BBC,70804F
A0F191,4335E4
DA4788,A765DA
73BAE2,639FB4
E49EAF,2BD2F9
746E5C,081054
C7DE28,044B9B
DA4788,985842
B858CF,BAF9B7
4CABD7,E60811
4C31B6,B58589
1E3801,E60811
4E53E3,64A61B
E3CE85,B8390F
C2835A,F242B4
462333,2C17CC
211577,4CABD7
A38DC8,0712D2
920A54,BAF9B7
6969D0,920A54
582251,1168DB
C9C42A,0712D2
78A51A,8210BD
B55D61,1D4610
522742,64A61B
7F2D82,B8390F
C9C42A,96542A
73BAE2,59720C
985842,0D10F1
16E7CD,4335E4
71BECA,6CEB19
8221E6,3EED0D
7F2D82,03F1E3
DEC368,7F20E4
029C32,2BD2F9
C9C469,5D23E6
FBB564,921DFF
A2D673,84111F
C887F9,523D0E
EB99E8,C9C469
8221E6,C74813
830E97,5DF9E1
7F2D82,2BD2F9
211577,2BD2F9
78A51A,CFE627
A9479D,B88A8B
127A1A,4CABD7
7F2D82,921DFF
D857F1,AD00AF
38BDBC,DAAB7D
4D1100,E54F58
508520,EE3542
4E53E3,3BB397
1E3801,12E505
7F2D82,A51151
415839,9CDFFF
EAF257,AEB16E
AF742F,4C31B6
28D4C6,DC9DAC
7CDFA1,C9C42A
03C173,6261FC
1E3801,2C8F44
9459A8,1677E3
90702B,F19EE0
CC26CC,3B7736
45B7B9,A4F907
FE3CF9,2655FA
F86DC1,84D5CC
011C89,0A5E3D
C9C469,B0EB1C
6B20B7,406BA1
C9C42A,DC9DAC
E3CE85,1F9A25
AF742F,2C8F44
71BECA,73BAE2
6DC800,A625C2
3836FA,B232B8
509333,7FD085
73BAE2,6261FC
45B7B9,882F22
D2092D,739659
38BDBC,C372B2
A38DC8,E60811
C887F9,3F02B9
A38DC8,B8390F
011C89,DAD695
78A51A,DC9DAC
4D1100,4CABD7
03C173,EB30C4
D6F62C,63A604
029C32,7E4C88
644CFC,B8390F
644CFC,1487F0
B8390F,4CABD7
C84C89,72D882
E3CE85,AA5440
C9C469,DF6477
582251,32B771
96542A,D8A675
746E5C,199C86
EAF257,DAD695
9CD828,65551A
582251,8430D9
07E7F1,59D91C
4E53E3,81BBDA
78A51A,63C191
6CEB19,3F02B9
D8A675,A3362E
6B20B7,B0EB1C
3F02B9,985842
90702B,78C210
E60811,3F02B9
F58538,A3362E
8F41AD,49905F
A2D673,90702B
03C173,830E97
F5660C,639FB4
2A33A7,19E680
38BDBC,3554F8
5AE8FA,0A5E3D
73BAE2,C9C42A
5AE8FA,78A51A
F19EE0,A502A8
830E97,B8390F
F58538,86DEAF
CF572A,78A51A
71BECA,DC9DAC
3BBC3F,7F8980
B0EB1C,E19C02
3B5F26,A2FE3D
6CEB19,FEC87A
8AEBB1,A96E6E
DA4788,300B58
86DEAF,3BBC3F
D5B0EC,7CDFA1
A80E3E,F19EE0
16E7CD,935F2B
EBB6E8,0AE029
0712D2,FDD16D
D6F62C,347041
9CD828,D5B0EC
E3CE85,E8E3D2
4FCCAD,4CABD7
28D4C6,68615D
2BD2F9,8C6C72
A0F191,4DE87A
1E3801,DAD695
86C8AB,3AA776
F5660C,12E505
FE3CF9,A3362E
9D1B99,CC6A08
D5B0EC,9CD828
582251,81BBDA
BAF9B7,347041
8AE5D3,DC9DAC
9AC562,DA3CEA
8DB030,71BECA
0DF7B6,A765DA
920A54,65551A
71BECA,920A54
FE04AB,8DB030
3B5F26,4335E4
705811,25A8BA
C9C469,32B771
79E0AC,AA5440
C9C42A,A3362E
A2D673,A3362E
1E3801,4C23E0
71BECA,32B771
B0EB1C,371F75
FE04AB,F2B76E
86E799,809EF1
462333,7AA963
EAF257,D954F4
9DED68,B0EB1C
522742,F19EE0
90702B,526CD0
9CD828,BF897D
73BAE2,78A51A
C9C469,582251
03C173,B0EB1C
45B7B9,AD7DE4
96542A,0756B6
4FCCAD,428261
F5660C,4C8115
96542A,F58538
96542A,E3CE85
1E3801,CB945C
705811,E57A61
23BBF8,639FB4
462333,4D1100
B0EB1C,C1E387
49E38C,AA5440
73BAE2,87BD24
25229F,DB4C77
B8390F,7F2D82
9CDFFF,CFE627
582251,D15825
6B20B7,C9C42A
644CFC,E47CB2
E3CE85,E97CEF
CF572A,AA5440
0A5E3D,4CABD7
EB99E8,91438A
B0EB1C,523D0E
38BDBC,D7241B
D2092D,78ED78
E6209B,0712D2
746E5C,B0EB1C
520552,920A54
78A51A,1E3801
90702B,CBFEC2
C398B9,3008F3
EAF257,F4E1EA
1E3801,0B3DD6
4E53E3,DF0DA2
9CDFFF,8C6C72
3836FA,D2092D
FE04AB,E60811
9D1B99,B8A46D
985842,B8390F
EB99E8,FE04AB
FBB564,C1E387
4F8125,E60811
AF742F,E54F58
86C8AB,5B4123
E60811,649D27
2BD2F9,E73844
7F2D82,1AE5E3
73BAE2,6D7E66
6CEB19,E5A956
A0F191,4B800B
3836FA,0A5E3D
4C8115,B8390F
D58C2E,EE3542
03C173,1E3801
4E9161,68615D
38BDBC,2FA9EB
B858CF,03C0D1
D58C2E,A0DB92
522742,391CCB
677172,C2F594
011C89,AA5440
FBB564,68615D
9CD828,DAD695
830E97,746E5C
F44E2A,6261FC
DA4788,920A54
23BBF8,20511F
73BAE2,F9AD1F
C887F9,C398B9
EAF257,E5A956
4E53E3,744107
677172,03C0D1
E3CE85,DF0DA2
03C173,0A5E3D
86C8AB,CD60C5
1A32DE,AB28B9
1E3801,4CABD7
C9C42A,4CABD7
73BAE2,CF572A
8221E6,2F5469
49E38C,E8E3D2
D2092D,59D91C
D8A675,DF6477
2BD2F9,985842
DA4788,36EB0E
78A51A,081054
76CE79,E73844
16E7CD,96542A
8C6C72,4DE87A
B8390F,A2D673
985842,C0FFF0
4E53E3,B8A46D
90702B,38BDBC
96542A,BE1E27
1E3801,FAC175
FE3CF9,D8A675
D58C2E,4CC372
E3CE85,18045A
F66120,9CDFFF
508520,40DCB4
D58C2E,8A390E
95C026,C9C42A
B0EB1C,03C173
F19EE0,B47223
86DEAF,D7C75D
4FCCAD,C431F7
51CEAE,AF742F
F5660C,B8390F
3836FA,59D91C
28D4C6,3836FA
38BDBC,E5A600
B8390F,7CDFA1
3836FA,4335E4
BE44ED,185BA0
FAC175,C7E1EB
A9479D,7F8980
375D0D,920A54
7CDFA1,96542A
509333,CD0558
A2D673,2909EE
86DEAF,853198
6DC800,E5A600
1FC937,C1E387
F5660C,4CABD7
644CFC,2BD2F9
F66120,830E97
3F02B9,2909EE
BF1369,70A6B8
4E53E3,E75EBB
5AE8FA,5B1A12
8221E6,B45E5E
9D1B99,64A61B
49E38C,B0EB1C
6D7E66,FDD16D
C9C469,833507
71BECA,B8390F
211577,644B02
49E38C,B47223
71BECA,6261FC
4F8125,9FC83B
985842,8D7356
6D7E66,73BAE2
CF572A,EB30C4
4CABD7,4C8115
FE3CF9,DAAFA3
6D7E66,E6209B
FBB564,389330
746E5C,9459A8
5AE8FA,8FE331
9D1B99,4335E4
D6F62C,3836FA
78A51A,68615D
3B5F26,DA3CEA
4D1100,65551A
B8390F,8F41AD
979C02,28D4C6
6B20B7,1AE5E3
2C8F44,4C8115
8DB030,F8158F
C9C469,935F2B
DF6477,6261FC
B0EB1C,0BCC52
830E97,6A5276
4D837B,DC9DAC
3836FA,6A5276
746E5C,87BD24
920A54,B3BB23
9DED68,935F2B
3BBC3F,38BDBC
830E97,E8E3D2
415839,E5A600
73BAE2,B4D00C
C94E4A,BE44ED
1FC937,830E97
73BAE2,5F150C
644CFC,199C86
DAC29B,E49EAF
03C173,8210BD
A38DC8,658E28
E6209B,E49EAF
1FC937,6E4579
3B5F26,2909EE
03C173,2C8F44
EC5593,6261FC
E49EAF,5DF9E1
DAAFA3,E49EAF
6A9872,EA87F4
16E7CD,F97408
F5660C,76B0DD
79E0AC,A9D1E9
FAC175,C774DD
2C8F44,91438A
A38DC8,78ED78
9AC562,A2D673
CF572A,76B0DD
23BBF8,B47223
9D1B99,4E53E3
C9C469,D0BF6C
58EFE4,9C5F2D
28D4C6,B8A46D
61FD90,6A5276
BAF9B7,B0EB1C
3836FA,F19EE0
E60811,E8E3D2
E3CE85,04FEF5
EAF257,4D837B
F5660C,406BA1
211577,2605C8
211577,9C5F2D
B858CF,830E97
AF742F,D7C75D
5AE8FA,3048B5
979C02,D0BF6C
0A5E3D,73BAE2
FDD16D,2655FA
920A54,1AE5E3
78A51A,1AE5E3
DEC368,985842
23BBF8,51E97D
78A51A,2605C8
DA4788,2909EE
A2D673,B8390F
58EFE4,F19EE0
644CFC,F852E2
FE04AB,D8A675
211577,B4D00C
4FCCAD,C774DD
2655FA,CED2DC
16E7CD,7CDFA1
D5C787,B0EB1C
86C8AB,921DFF
36EF43,91A4B2
8DB030,03C0D1
BAF9B7,B858CF
C29256,DC9DAC
25229F,6A5276
300B58,6CEB19
23BBF8,BBBA3B
9CD828,2B165B
D5B0EC,C9C42A
378776,7A8879
6A8C5C,0712D2
78A51A,C9C42A
522742,3008F3
1E3801,F02239
7CDFA1,49E6AE
86C8AB,76BE07
746E5C,1E3801
71BECA,DAD695
705811,65551A
8C6C72,2BD2F9
4FCCAD,D3BEFE
F19EE0,73BAE2
644CFC,AD00AF
CC26CC,DA03C2
8221E6,953F22
90702B,B8390F
BF1369,2909EE
0712D2,920A54
011C89,A0F191
7F2D82,C1E387
38BDBC,3F02B9
86C8AB,2F5469
2C8F44,4335E4
4C8115,0712D2
462333,E5A600
C9C469,D15825
0A5E3D,6261FC
86DEAF,32596E
644CFC,D9E692
90702B,E5A956
677172,B58589
211577,809EF1
0DF7B6,AB366E
8C6C72,76BE07
A2D673,4D1100
127A1A,3F02B9
71BECA,BF897D
127A1A,8A2800
C887F9,D8A675
2E7A2B,3D0D46
8F41AD,6E8BC6
979C02,45B7B9
830E97,A3362E
78A51A,71BECA
461A1E,CED4D4
1E3801,65551A
509333,1BD9E3
E60811,78ED78
4CABD7,E6209B
AF742F,E5A956
7F2D82,B0EB1C
CF572A,59D91C
8C6C72,9CDFFF
F19EE0,2BD2F9
86C8AB,DC9DAC
BE44ED,3F02B9
686975,845EFF
300B58,114D2C
677172,B0EB1C
03C173,D8A675
2655FA,FDD16D
73BAE2,98C4D4
E8F3BF,C9C42A
B8390F,25A8BA
D2092D,FBB564
79E0AC,0A5E3D
3B5F26,699A0A
8F41AD,E97CEF
F58538,649D27
CF572A,1E3801
E6209B,D8A675
DAC29B,B016AB
FE04AB,C9C42A
AF742F,D5020B
3B5F26,639FB4
BF01A5,F04C1B
F19EE0,8DB030
6DC800,E5A956
D12BBC,73BAE2
DEC368,25A8BA
FBB564,1FAA7B
45B7B9,865EB7
78ED78,4CABD7
8F41AD,84D5CC
0A5E3D,D2092D
127A1A,D8A675
EAF257,2FA9EB
16E7CD,891797
BF01A5,4C84DA
D5B0EC,1E3801
FAC175,AA5440
F58538,029C32
7F2D82,07FABF
38BDBC,6EEE18
127A1A,2909EE
78A51A,705811
7CDFA1,E97CEF
0A5E3D,D5020B
D5B0EC,18045A
E60811,7CDFA1
B0EB1C,07FABF
029C32,0712D2
EAF257,B0EB1C
4FCCAD,E73844
9459A8,B8390F
4C8115,A3362E
A3362E,DAAFA3
0A5E3D,1E3801
E3CE85,62E94E
A765DA,2909EE
EB99E8,620A21
03C173,02FD13
3F02B9,E60811
705811,0756B6
B8390F,FDD16D
49E38C,2C70B4
28D4C6,C1E387
0D10F1,6E481D
38BDBC,6CEB19
A38DC8,0756B6
A0F191,A51151
70E548,DEBC4E
CC26CC,B116E4
508520,AD00AF
E3CE85,2C8F44
FE04AB,70804F
4C8115,2BD2F9
1E3801,A51151
71BECA,639FB4
78ED78,F19EE0
DF6477,F04C1B
9DED68,2BD2F9
B858CF,699A0A
011C89,E49EAF
BE44ED,C887F9
461A1E,0E1407
11DC2C,29CA06
582251,3836FA
522742,7C2870
96542A,985842
C398B9,84111F
2A33A7,B8390F
6A9872,1B2020
86DEAF,D5020B
BE44ED,38BDBC
D857F1,1454CF
F23FC2,4E3F53
D2092D,F4B04D
F86DC1,EB30C4
A80E3E,74D44E
3BBC3F,E5A956
FE3CF9,CFE627
4E53E3,38BCB5
28D4C6,CE6088
8AEBB1,B8390F
16E7CD,03C173
78A51A,78ED78
9DED68,6261FC
3836FA,96542A
D8A675,FE3CF9
2C8F44,78ED78
705811,787CA2
522742,B232B8
03C173,BB6934
8E1919,081054
A0F191,8F6F4C
C9C469,28D4C6
73BAE2,6A8C5C
830E97,7407BF
71BECA,7CDFA1
DF6477,A3362E
D2092D,4F8125
AE6747,D8A675
E49EAF,347041
C2835A,B58589
BF1369,DC9DAC
C398B9,4BE1FD
03C173,BDB828
45B7B9,913D40
0A5E3D,D12BBC
DEC368,1FB1FA
D2092D,76CE79
90702B,A2D673
96542A,C9C42A
4F8125,E73844
A2D673,1EA6A9
830E97,0756B6
642AAA,586281
9D1B99,F979AE
FBB564,8C6C72
28D4C6,644B02
DEC368,3BBC3F
4E53E3,1168DB
9DED68,CBFEC2
78A51A,862D2D
4E53E3,77FF19
520552,E5A956
B0EB1C,65693A
F58538,E73844
79E0AC,F02239
BE44ED,300B58
A2D673,C9EA0A
86DEAF,375D0D
7CDFA1,38C931
78A51A,F19EE0
9DED68,920A54
462333,920A54
6CEB19,9B711E
7CDFA1,3836FA
E6209B,3F02B9
211577,3836FA
DEC368,0712D2
1E3801,8C6C72
EAF257,920A54
8C6C72,4E53E3
2E7A2B,7A1E6B
2C8F44,3F02B9
86DEAF,639FB4
D8A675,DAAFA3
B0EB1C,4CABD7
677172,4CABD7
86DEAF,78C210
EAF257,63C191
C9C469,2A7FBF
A0F191,B0EB1C
105D2F,998930
DA4788,C887F9
B0EB1C,FE3CF9
E8F3BF,2A7FBF
16E7CD,E79AE8
522742,9B6531
C9C469,809EF1
4CABD7,78ED78
4C8115,744D1D
16E7CD,0BCC52
79E0AC,6A5276
2909EE,C887F9
D2092D,A3C8E6
76CE79,985842
705811,C9C42A
8F41AD,D673B4
9AC562,F19EE0
FE04AB,2C8F44
1A32DE,2A7FBF
DAAFA3,C2F594
DF5767,FE04AB
96542A,19E680
23BBF8,E34D45
73BAE2,2BD2F9
F5660C,DC9DAC
3F02B9,4335E4
F19EE0,28D4C6
D2092D,A3FEAF
8221E6,2FA02D
920A54,DA3CEA
582251,F19EE0
F19EE0,4CAEA3
1E3801,DC9DAC
509333,F04C1B
16E7CD,841486
8221E6,CDED00
E8F3BF,438789
FDD16D,0712D2
9CDFFF,0A5E3D
029C32,5C2813
8DB030,4CABD7
375D0D,2655FA
F58538,80A348
3B5F26,DAD695
7F2D82,4CABD7
D5B0EC,90D224
9459A8,C0FFF0
4E53E3,7F2D82
